duration_years,stDev,p50,p75,p90,p99
5,38.46971051451658,868.55,834.0385745649485,810.685082264074,770.4920707295881
10,27.202193175098103,868.55,841.6383995205429,825.1249867502067,796.7042357378626
15,22.210497721203126,868.55,845.0052469402954,831.5221018738677,808.3166558448905
18,20.27531769220007,868.55,846.3105060346421,834.0021348696472,812.818557791248
20,19.23485525725829,868.55,847.0122872824744,835.3355411320372,815.2390353647943
25,17.204177557039497,868.55,848.3819585772237,837.9379593178691,819.9630981155603