duration_years,stDev,p50,p75,p90,p99
5,37.76949241615165,895.7,862.8038644951969,839.8754478642556,800.4140216140837
10,26.707064209434712,895.7,870.2653589329075,854.0525200512985,826.1490779545092
15,21.806226613620684,895.7,873.5709236586596,860.3331961446938,837.5501310765505
18,19.906270350582567,895.7,874.8524246838997,862.7680880680566,841.9700902898398
20,18.884746208075825,895.7,875.5414322475983,864.0772239321277,844.3465108070418
25,16.891030503635573,895.7,876.8861730550482,866.632273414404,848.9845870975082