duration_years,stDev,p50,p75,p90,p99
5,37.015822603723166,844.7,815.0542070587119,792.583314592277,753.9093197799554
10,26.174139174290936,844.7,822.3668114067347,806.4774909644048,779.1308469770388
15,21.371095144535005,844.7,825.6064153745455,812.6328395601182,790.3043982445861
18,19.50905148208492,844.7,826.8623447392856,815.0191445308435,794.636159560098
20,18.507911301861583,844.7,827.5376035293558,816.3021572961383,796.9651598899775
25,16.553979116999653,844.7,828.8555107606234,818.806222146616,801.5106858742511