duration_years,stDev,p50,p75,p90,p99
5,36.75844817710571,834.9,804.3369109983101,782.0222607185219,743.6171697570315
10,25.992147971925736,834.9,811.5986701342381,795.8198296015935,768.6633293506375
15,21.22249995004489,834.9,814.8157488370397,801.9323794911315,779.759189886263
18,19.37340324881975,834.9,816.0629456091374,804.30209226343,784.0608320660541
20,18.379224088552856,834.9,816.733509262596,805.5761841227019,786.3736386419566
25,16.43887777428232,834.9,818.0422529634022,808.062837979454,790.887559165063